method,completed,effective_batch,runtime_s,samples_per_sec,speedup_vs_ddp,max_gpu_mem_mb,avg_gpu_util_pct,last_logged_step,final_loss,avg_logged_loss,goodput_loss_per_sec,goodput_loss_per_sample
1 GPU LoRA,True,1,5761,1.736,0.78,26287,11.4,n/a,1.321,1.105,-0.000072,-0.000041
DDP,True,32,4491,2.223,1.00,31443,70.7,312,1.040,1.180,0.000709,0.000319
ZeRO-1,True,32,3900,2.560,1.15,29440,81.2,312,1.145,1.217,0.000752,0.000294
ZeRO-2,True,32,3503,2.850,1.28,28263,88.5,312,1.107,1.215,0.000827,0.000290
Pipeline (k=12),True,16,4325,2.312,1.04,32117,56.1,n/a,1.570,1.221,0.000910,0.000393
ZeRO-3,False,8,14065,0.168,0.08,22527,99.2,292,1.308,1.514,0.000342,0.002057
FSDP,False,8,24528,0.095,0.04,32331,97.5,292,1.336,1.511,0.000194,0.002040
TP,False,8,13875,0.721,0.32,31324,77.7,1250,1.031,1.194,0.000363,0.000504
